<application>
  <component name="MaterialCustomThemeConfig">
    <option name="excludedColor" value="2e3c43ff" />
    <option name="accentColor" value="009688ff" />
    <option name="notificationsColor" value="e7e7e7ff" />
    <option name="treeSelectionColor" value="e7e7e750" />
    <option name="highlightColor" value="7e0588ff" />
    <option name="secondBorderColor" value="020751ff" />
    <option name="tableSelectedColor" value="102426ff" />
    <option name="contrastColor" value="00022dff" />
    <option name="disabledColor" value="6e0010ff" />
    <option name="secondaryBackgroundColor" value="130926ff" />
    <option name="buttonColor" value="0b0c23ff" />
    <option name="selectionForegroundColor" value="01e5c3ff" />
    <option name="selectionBackgroundColor" value="1e513eff" />
    <option name="textColor" value="368d8bff" />
    <option name="foregroundColor" value="2189c1ff" />
    <option name="backgroundColor" value="010009ff" />
  </component>
</application>